{
  "name": "1_nFORCE__Brand__c",
  "attributes": [
    "Id",
    "OwnerId",
    "IsDeleted",
    "Name",
    "CreatedDate",
    "CreatedById",
    "LastModifiedDate",
    "LastModifiedById",
    "SystemModstamp",
    "LastViewedDate",
    "LastReferencedDate",
    "nFORCE__Brand_Custom_CSS__c",
    "nFORCE__Brand_JSON__c",
    "nFORCE__Description__c",
    "nFORCE__Is_Applied__c",
    "nFORCE__Look_Up_Key__c",
    "nFORCE__LookupKey__c",
    "AutorabitExtId__c",
    "Description__c"
  ],
  "records": {
    "1": {
      "AutorabitExtId__c": "",
      "CreatedById": "0058c00000BxeO9AAJ",
      "CreatedDate": "2025-08-18T09:04:38.000Z",
      "Description__c": "",
      "Id": "a1uKa000000NwxxIAC",
      "IsDeleted": "false",
      "LastModifiedById": "0058c00000BxeO9AAJ",
      "LastModifiedDate": "2025-08-18T09:04:38.000Z",
      "LastReferencedDate": "2025-08-18T09:04:41.000Z",
      "LastViewedDate": "2025-08-18T09:04:41.000Z",
      "Name": "Record-01",
      "OwnerId": "0058c00000BxeO9AAJ",
      "SystemModstamp": "2025-08-18T09:04:38.000Z",
      "nFORCE__Brand_Custom_CSS__c": "",
      "nFORCE__Brand_JSON__c": "",
      "nFORCE__Description__c": "",
      "nFORCE__Is_Applied__c": "false",
      "nFORCE__Look_Up_Key__c": "42406995856406363",
      "nFORCE__LookupKey__c": ""
    }
  }
}